priority,keyword,url,reference
1,rue valley review,/review/overall,https://www.pcgamer.com/games/rpg/rue-valley-review/
2,rue valley release date,/news/release-date,https://store.steampowered.com/app/2126190/Rue_Valley/
3,rue valley price,/buy/steam-price,https://steamdb.info/app/2126190/
4,rue valley metacritic,/review/metacritic,https://www.metacritic.com/game/rue-valley/
5,rue valley switch,/buy/switch,https://www.nintendo.com/us/store/products/rue-valley-switch/
6,rue valley gameplay,/guide/gameplay-overview,https://www.thegamer.com/rue-valley-review/
7,rue valley walkthrough,/guide/full-walkthrough,https://ruevalley.com/
8,rue valley reddit,/community/reddit-highlights,https://www.reddit.com/r/RueValleyGame/
9,rue valley crack,/download/crack-info,https://www.reddit.com/r/RueValleyGame/
10,rue valley torrent,/download/torrent-info,https://www.reddit.com/r/RueValleyGame/
11,rue valley system requirements,/technical/system-requirements,https://sysrqmts.com/games/rue-valley
12,rue valley patch notes,/news/patch-notes,https://store.steampowered.com/news/app/2126190
13,rue valley dlc,/info/dlc,https://store.steampowered.com/dlc/2126190
14,rue valley characters,/info/characters,https://ruevalley.com/#characters
15,rue valley endings,/info/endings,https://www.thegamer.com/rue-valley-endings-guide/
16,rue valley loop guide,/guide/loop-guide,https://ruevalley.com/walkthrough
17,rue valley npc guide,/guide/npc-guide,https://ruevalley.com/walkthrough
18,rue valley best choices,/info/best-choices,https://www.pcgamer.com/how-to-make-choices-in-rue-valley/
19,rue valley soundtrack,/info/soundtrack,https://store.steampowered.com/app/2130000/Rue_Valley_Soundtrack/
20,rue valley achievements,/guide/achievements,https://steamcommunity.com/app/2126190/guides/
21,rue valley secrets,/guide/secrets,https://www.reddit.com/r/RueValleyGame/comments/secret_thread/
22,rue valley tips,/guide/tips,https://www.thegamer.com/rue-valley-tips-tricks/
23,rue valley bug fixes,/news/bug-fixes,https://steamcommunity.com/app/2126190/discussions/
24,rue valley mods,/info/mods,https://www.nexusmods.com/ruevalley
25,rue valley save file location,/download/save-file-location,https://pcgamingwiki.com/wiki/Rue_Valley
26,rue valley controller support,/technical/controller-support,https://www.protondb.com/app/2126190
27,rue valley steam deck performance,/technical/steam-deck-performance,https://www.protondb.com/app/2126190
28,rue valley graphics settings,/technical/graphics-settings,https://www.techgaming.com/rue-valley-best-settings/
29,rue valley language support,/info/language-support,https://store.steampowered.com/app/2126190/Rue_Valley/
30,rue valley discount history,/buy/discount-history,https://steamdb.info/app/2126190/
31,rue valley loop 13 walkthrough,/guide/loops/loop-13-walkthrough,https://ruevalley.com/walkthrough#loop-13
32,rue valley loop 13 walkthrough,/guide/loops/loop-13-walkthrough,https://ruevalley.com/walkthrough#loop-13
33,rue valley loop 13 walkthrough,/guide/loops/loop-13-walkthrough,https://ruevalley.com/walkthrough#loop-13
34,rue valley loop 14 walkthrough,/guide/loops/loop-14-walkthrough,https://ruevalley.com/walkthrough#loop-14
35,rue valley loop 1 walkthrough,/guide/loops/loop-1-walkthrough,https://ruevalley.com/walkthrough#loop-1
36,rue valley loop 5 walkthrough,/guide/loops/loop-5-walkthrough,https://ruevalley.com/walkthrough#loop-5
37,rue valley loop 12 walkthrough,/guide/loops/loop-12-walkthrough,https://ruevalley.com/walkthrough#loop-12
38,rue valley loop 7 walkthrough,/guide/loops/loop-7-walkthrough,https://ruevalley.com/walkthrough#loop-7
39,rue valley loop 13 walkthrough,/guide/loops/loop-13-walkthrough,https://ruevalley.com/walkthrough#loop-13
40,rue valley loop 5 walkthrough,/guide/loops/loop-5-walkthrough,https://ruevalley.com/walkthrough#loop-5
41,rue valley loop 11 walkthrough,/guide/loops/loop-11-walkthrough,https://ruevalley.com/walkthrough#loop-11
42,rue valley loop 11 walkthrough,/guide/loops/loop-11-walkthrough,https://ruevalley.com/walkthrough#loop-11
43,rue valley loop 9 walkthrough,/guide/loops/loop-9-walkthrough,https://ruevalley.com/walkthrough#loop-9
44,rue valley loop 9 walkthrough,/guide/loops/loop-9-walkthrough,https://ruevalley.com/walkthrough#loop-9
45,rue valley loop 12 walkthrough,/guide/loops/loop-12-walkthrough,https://ruevalley.com/walkthrough#loop-12
46,rue valley loop 14 walkthrough,/guide/loops/loop-14-walkthrough,https://ruevalley.com/walkthrough#loop-14
47,rue valley loop 19 walkthrough,/guide/loops/loop-19-walkthrough,https://ruevalley.com/walkthrough#loop-19
48,rue valley loop 5 walkthrough,/guide/loops/loop-5-walkthrough,https://ruevalley.com/walkthrough#loop-5
49,rue valley loop 5 walkthrough,/guide/loops/loop-5-walkthrough,https://ruevalley.com/walkthrough#loop-5
50,rue valley loop 8 walkthrough,/guide/loops/loop-8-walkthrough,https://ruevalley.com/walkthrough#loop-8
51,rue valley loop 9 walkthrough,/guide/loops/loop-9-walkthrough,https://ruevalley.com/walkthrough#loop-9
52,rue valley loop 3 walkthrough,/guide/loops/loop-3-walkthrough,https://ruevalley.com/walkthrough#loop-3
53,rue valley loop 18 walkthrough,/guide/loops/loop-18-walkthrough,https://ruevalley.com/walkthrough#loop-18
54,rue valley loop 20 walkthrough,/guide/loops/loop-20-walkthrough,https://ruevalley.com/walkthrough#loop-20
55,rue valley loop 3 walkthrough,/guide/loops/loop-3-walkthrough,https://ruevalley.com/walkthrough#loop-3
56,rue valley loop 18 walkthrough,/guide/loops/loop-18-walkthrough,https://ruevalley.com/walkthrough#loop-18
57,rue valley loop 17 walkthrough,/guide/loops/loop-17-walkthrough,https://ruevalley.com/walkthrough#loop-17
58,rue valley loop 6 walkthrough,/guide/loops/loop-6-walkthrough,https://ruevalley.com/walkthrough#loop-6
59,rue valley loop 2 walkthrough,/guide/loops/loop-2-walkthrough,https://ruevalley.com/walkthrough#loop-2
60,rue valley loop 3 walkthrough,/guide/loops/loop-3-walkthrough,https://ruevalley.com/walkthrough#loop-3
61,rue valley loop 20 walkthrough,/guide/loops/loop-20-walkthrough,https://ruevalley.com/walkthrough#loop-20
62,rue valley loop 7 walkthrough,/guide/loops/loop-7-walkthrough,https://ruevalley.com/walkthrough#loop-7
63,rue valley loop 3 walkthrough,/guide/loops/loop-3-walkthrough,https://ruevalley.com/walkthrough#loop-3
64,rue valley loop 13 walkthrough,/guide/loops/loop-13-walkthrough,https://ruevalley.com/walkthrough#loop-13
65,rue valley loop 5 walkthrough,/guide/loops/loop-5-walkthrough,https://ruevalley.com/walkthrough#loop-5
66,rue valley loop 2 walkthrough,/guide/loops/loop-2-walkthrough,https://ruevalley.com/walkthrough#loop-2
67,rue valley loop 16 walkthrough,/guide/loops/loop-16-walkthrough,https://ruevalley.com/walkthrough#loop-16
68,rue valley loop 2 walkthrough,/guide/loops/loop-2-walkthrough,https://ruevalley.com/walkthrough#loop-2
69,rue valley loop 13 walkthrough,/guide/loops/loop-13-walkthrough,https://ruevalley.com/walkthrough#loop-13
70,rue valley loop 14 walkthrough,/guide/loops/loop-14-walkthrough,https://ruevalley.com/walkthrough#loop-14
71,rue valley loop 1 walkthrough,/guide/loops/loop-1-walkthrough,https://ruevalley.com/walkthrough#loop-1
72,rue valley loop 9 walkthrough,/guide/loops/loop-9-walkthrough,https://ruevalley.com/walkthrough#loop-9
73,rue valley loop 1 walkthrough,/guide/loops/loop-1-walkthrough,https://ruevalley.com/walkthrough#loop-1
74,rue valley loop 12 walkthrough,/guide/loops/loop-12-walkthrough,https://ruevalley.com/walkthrough#loop-12
75,rue valley loop 14 walkthrough,/guide/loops/loop-14-walkthrough,https://ruevalley.com/walkthrough#loop-14
76,rue valley loop 8 walkthrough,/guide/loops/loop-8-walkthrough,https://ruevalley.com/walkthrough#loop-8
77,rue valley loop 15 walkthrough,/guide/loops/loop-15-walkthrough,https://ruevalley.com/walkthrough#loop-15
78,rue valley loop 4 walkthrough,/guide/loops/loop-4-walkthrough,https://ruevalley.com/walkthrough#loop-4
79,rue valley loop 7 walkthrough,/guide/loops/loop-7-walkthrough,https://ruevalley.com/walkthrough#loop-7
80,rue valley loop 2 walkthrough,/guide/loops/loop-2-walkthrough,https://ruevalley.com/walkthrough#loop-2
81,rue valley loop 2 walkthrough,/guide/loops/loop-2-walkthrough,https://ruevalley.com/walkthrough#loop-2
82,rue valley loop 17 walkthrough,/guide/loops/loop-17-walkthrough,https://ruevalley.com/walkthrough#loop-17
83,rue valley loop 6 walkthrough,/guide/loops/loop-6-walkthrough,https://ruevalley.com/walkthrough#loop-6
84,rue valley loop 16 walkthrough,/guide/loops/loop-16-walkthrough,https://ruevalley.com/walkthrough#loop-16
85,rue valley loop 14 walkthrough,/guide/loops/loop-14-walkthrough,https://ruevalley.com/walkthrough#loop-14
86,rue valley loop 16 walkthrough,/guide/loops/loop-16-walkthrough,https://ruevalley.com/walkthrough#loop-16
87,rue valley loop 16 walkthrough,/guide/loops/loop-16-walkthrough,https://ruevalley.com/walkthrough#loop-16
88,rue valley loop 18 walkthrough,/guide/loops/loop-18-walkthrough,https://ruevalley.com/walkthrough#loop-18
89,rue valley loop 7 walkthrough,/guide/loops/loop-7-walkthrough,https://ruevalley.com/walkthrough#loop-7
90,rue valley loop 1 walkthrough,/guide/loops/loop-1-walkthrough,https://ruevalley.com/walkthrough#loop-1
91,rue valley loop 19 walkthrough,/guide/loops/loop-19-walkthrough,https://ruevalley.com/walkthrough#loop-19
92,rue valley loop 1 walkthrough,/guide/loops/loop-1-walkthrough,https://ruevalley.com/walkthrough#loop-1
93,rue valley loop 4 walkthrough,/guide/loops/loop-4-walkthrough,https://ruevalley.com/walkthrough#loop-4
94,rue valley loop 10 walkthrough,/guide/loops/loop-10-walkthrough,https://ruevalley.com/walkthrough#loop-10
95,rue valley loop 2 walkthrough,/guide/loops/loop-2-walkthrough,https://ruevalley.com/walkthrough#loop-2
96,rue valley loop 16 walkthrough,/guide/loops/loop-16-walkthrough,https://ruevalley.com/walkthrough#loop-16
97,rue valley loop 16 walkthrough,/guide/loops/loop-16-walkthrough,https://ruevalley.com/walkthrough#loop-16
98,rue valley loop 8 walkthrough,/guide/loops/loop-8-walkthrough,https://ruevalley.com/walkthrough#loop-8
99,rue valley loop 9 walkthrough,/guide/loops/loop-9-walkthrough,https://ruevalley.com/walkthrough#loop-9
100,rue valley loop 7 walkthrough,/guide/loops/loop-7-walkthrough,https://ruevalley.com/walkthrough#loop-7
101,rue valley loop 1 walkthrough,/guide/loops/loop-1-walkthrough,https://ruevalley.com/walkthrough#loop-1
102,rue valley loop 5 walkthrough,/guide/loops/loop-5-walkthrough,https://ruevalley.com/walkthrough#loop-5
103,rue valley loop 13 walkthrough,/guide/loops/loop-13-walkthrough,https://ruevalley.com/walkthrough#loop-13
104,rue valley loop 10 walkthrough,/guide/loops/loop-10-walkthrough,https://ruevalley.com/walkthrough#loop-10
105,rue valley loop 15 walkthrough,/guide/loops/loop-15-walkthrough,https://ruevalley.com/walkthrough#loop-15
106,rue valley loop 5 walkthrough,/guide/loops/loop-5-walkthrough,https://ruevalley.com/walkthrough#loop-5
107,rue valley loop 14 walkthrough,/guide/loops/loop-14-walkthrough,https://ruevalley.com/walkthrough#loop-14
108,rue valley loop 5 walkthrough,/guide/loops/loop-5-walkthrough,https://ruevalley.com/walkthrough#loop-5
109,rue valley loop 9 walkthrough,/guide/loops/loop-9-walkthrough,https://ruevalley.com/walkthrough#loop-9
110,rue valley loop 8 walkthrough,/guide/loops/loop-8-walkthrough,https://ruevalley.com/walkthrough#loop-8
111,rue valley loop 7 walkthrough,/guide/loops/loop-7-walkthrough,https://ruevalley.com/walkthrough#loop-7
112,rue valley loop 15 walkthrough,/guide/loops/loop-15-walkthrough,https://ruevalley.com/walkthrough#loop-15
113,rue valley loop 13 walkthrough,/guide/loops/loop-13-walkthrough,https://ruevalley.com/walkthrough#loop-13
114,rue valley loop 10 walkthrough,/guide/loops/loop-10-walkthrough,https://ruevalley.com/walkthrough#loop-10
115,rue valley loop 10 walkthrough,/guide/loops/loop-10-walkthrough,https://ruevalley.com/walkthrough#loop-10
116,rue valley loop 9 walkthrough,/guide/loops/loop-9-walkthrough,https://ruevalley.com/walkthrough#loop-9
117,rue valley loop 15 walkthrough,/guide/loops/loop-15-walkthrough,https://ruevalley.com/walkthrough#loop-15
118,rue valley loop 18 walkthrough,/guide/loops/loop-18-walkthrough,https://ruevalley.com/walkthrough#loop-18
119,rue valley loop 13 walkthrough,/guide/loops/loop-13-walkthrough,https://ruevalley.com/walkthrough#loop-13
120,rue valley loop 4 walkthrough,/guide/loops/loop-4-walkthrough,https://ruevalley.com/walkthrough#loop-4
121,rue valley loop 6 walkthrough,/guide/loops/loop-6-walkthrough,https://ruevalley.com/walkthrough#loop-6
122,rue valley loop 10 walkthrough,/guide/loops/loop-10-walkthrough,https://ruevalley.com/walkthrough#loop-10
123,rue valley loop 18 walkthrough,/guide/loops/loop-18-walkthrough,https://ruevalley.com/walkthrough#loop-18
124,rue valley loop 4 walkthrough,/guide/loops/loop-4-walkthrough,https://ruevalley.com/walkthrough#loop-4
125,rue valley loop 6 walkthrough,/guide/loops/loop-6-walkthrough,https://ruevalley.com/walkthrough#loop-6
126,rue valley loop 16 walkthrough,/guide/loops/loop-16-walkthrough,https://ruevalley.com/walkthrough#loop-16
127,rue valley loop 11 walkthrough,/guide/loops/loop-11-walkthrough,https://ruevalley.com/walkthrough#loop-11
128,rue valley loop 3 walkthrough,/guide/loops/loop-3-walkthrough,https://ruevalley.com/walkthrough#loop-3
129,rue valley loop 9 walkthrough,/guide/loops/loop-9-walkthrough,https://ruevalley.com/walkthrough#loop-9
130,rue valley loop 11 walkthrough,/guide/loops/loop-11-walkthrough,https://ruevalley.com/walkthrough#loop-11
131,rue valley loop 9 walkthrough,/guide/loops/loop-9-walkthrough,https://ruevalley.com/walkthrough#loop-9
132,rue valley loop 19 walkthrough,/guide/loops/loop-19-walkthrough,https://ruevalley.com/walkthrough#loop-19
133,rue valley loop 4 walkthrough,/guide/loops/loop-4-walkthrough,https://ruevalley.com/walkthrough#loop-4
134,rue valley loop 20 walkthrough,/guide/loops/loop-20-walkthrough,https://ruevalley.com/walkthrough#loop-20
135,rue valley loop 18 walkthrough,/guide/loops/loop-18-walkthrough,https://ruevalley.com/walkthrough#loop-18
136,rue valley loop 19 walkthrough,/guide/loops/loop-19-walkthrough,https://ruevalley.com/walkthrough#loop-19
137,rue valley loop 19 walkthrough,/guide/loops/loop-19-walkthrough,https://ruevalley.com/walkthrough#loop-19
138,rue valley loop 4 walkthrough,/guide/loops/loop-4-walkthrough,https://ruevalley.com/walkthrough#loop-4
139,rue valley loop 14 walkthrough,/guide/loops/loop-14-walkthrough,https://ruevalley.com/walkthrough#loop-14
140,rue valley loop 8 walkthrough,/guide/loops/loop-8-walkthrough,https://ruevalley.com/walkthrough#loop-8
141,rue valley loop 16 walkthrough,/guide/loops/loop-16-walkthrough,https://ruevalley.com/walkthrough#loop-16
142,rue valley loop 4 walkthrough,/guide/loops/loop-4-walkthrough,https://ruevalley.com/walkthrough#loop-4
143,rue valley loop 20 walkthrough,/guide/loops/loop-20-walkthrough,https://ruevalley.com/walkthrough#loop-20
144,rue valley loop 14 walkthrough,/guide/loops/loop-14-walkthrough,https://ruevalley.com/walkthrough#loop-14
145,rue valley loop 8 walkthrough,/guide/loops/loop-8-walkthrough,https://ruevalley.com/walkthrough#loop-8
146,rue valley loop 13 walkthrough,/guide/loops/loop-13-walkthrough,https://ruevalley.com/walkthrough#loop-13
147,rue valley loop 12 walkthrough,/guide/loops/loop-12-walkthrough,https://ruevalley.com/walkthrough#loop-12
148,rue valley loop 5 walkthrough,/guide/loops/loop-5-walkthrough,https://ruevalley.com/walkthrough#loop-5
149,rue valley loop 12 walkthrough,/guide/loops/loop-12-walkthrough,https://ruevalley.com/walkthrough#loop-12
150,rue valley loop 1 walkthrough,/guide/loops/loop-1-walkthrough,https://ruevalley.com/walkthrough#loop-1
151,rue valley loop 6 walkthrough,/guide/loops/loop-6-walkthrough,https://ruevalley.com/walkthrough#loop-6
152,rue valley loop 11 walkthrough,/guide/loops/loop-11-walkthrough,https://ruevalley.com/walkthrough#loop-11
153,rue valley loop 20 walkthrough,/guide/loops/loop-20-walkthrough,https://ruevalley.com/walkthrough#loop-20
154,rue valley loop 5 walkthrough,/guide/loops/loop-5-walkthrough,https://ruevalley.com/walkthrough#loop-5
155,rue valley loop 12 walkthrough,/guide/loops/loop-12-walkthrough,https://ruevalley.com/walkthrough#loop-12
156,rue valley loop 1 walkthrough,/guide/loops/loop-1-walkthrough,https://ruevalley.com/walkthrough#loop-1
157,rue valley loop 15 walkthrough,/guide/loops/loop-15-walkthrough,https://ruevalley.com/walkthrough#loop-15
158,rue valley loop 19 walkthrough,/guide/loops/loop-19-walkthrough,https://ruevalley.com/walkthrough#loop-19
159,rue valley loop 18 walkthrough,/guide/loops/loop-18-walkthrough,https://ruevalley.com/walkthrough#loop-18
160,rue valley loop 3 walkthrough,/guide/loops/loop-3-walkthrough,https://ruevalley.com/walkthrough#loop-3
